<?xml version="1.0" encoding="UTF-8"?>
<GenRun Id="impl_1" LaunchPart="xc7a100tcsg324-1" LaunchTime="1638741794">
  <File Type="BITSTR-BMM" Name="project_top_bd.bmm"/>
  <File Type="OPT-METHODOLOGY-DRC" Name="project_top_methodology_drc_opted.rpt"/>
  <File Type="INIT-TIMING" Name="project_top_timing_summary_init.rpt"/>
  <File Type="ROUTE-PWR" Name="project_top_power_routed.rpt"/>
  <File Type="PA-TCL" Name="project_top.tcl"/>
  <File Type="OPT-TIMING" Name="project_top_timing_summary_opted.rpt"/>
  <File Type="OPT-DCP" Name="project_top_opt.dcp"/>
  <File Type="ROUTE-PWR-SUM" Name="project_top_power_summary_routed.pb"/>
  <File Type="REPORTS-TCL" Name="project_top_reports.tcl"/>
  <File Type="OPT-DRC" Name="project_top_drc_opted.rpt"/>
  <File Type="OPT-HWDEF" Name="project_top.hwdef"/>
  <File Type="PWROPT-DCP" Name="project_top_pwropt.dcp"/>
  <File Type="PWROPT-DRC" Name="project_top_drc_pwropted.rpt"/>
  <File Type="PWROPT-TIMING" Name="project_top_timing_summary_pwropted.rpt"/>
  <File Type="PLACE-DCP" Name="project_top_placed.dcp"/>
  <File Type="PLACE-IO" Name="project_top_io_placed.rpt"/>
  <File Type="PLACE-CLK" Name="project_top_clock_utilization_placed.rpt"/>
  <File Type="PLACE-UTIL" Name="project_top_utilization_placed.rpt"/>
  <File Type="PLACE-UTIL-PB" Name="project_top_utilization_placed.pb"/>
  <File Type="PLACE-CTRL" Name="project_top_control_sets_placed.rpt"/>
  <File Type="PLACE-SIMILARITY" Name="project_top_incremental_reuse_placed.rpt"/>
  <File Type="PLACE-PRE-SIMILARITY" Name="project_top_incremental_reuse_pre_placed.rpt"/>
  <File Type="PLACE-TIMING" Name="project_top_timing_summary_placed.rpt"/>
  <File Type="POSTPLACE-PWROPT-DCP" Name="project_top_postplace_pwropt.dcp"/>
  <File Type="BG-BIN" Name="project_top.bin"/>
  <File Type="POSTPLACE-PWROPT-TIMING" Name="project_top_timing_summary_postplace_pwropted.rpt"/>
  <File Type="PHYSOPT-DCP" Name="project_top_physopt.dcp"/>
  <File Type="PHYSOPT-DRC" Name="project_top_drc_physopted.rpt"/>
  <File Type="BITSTR-MSK" Name="project_top.msk"/>
  <File Type="PHYSOPT-TIMING" Name="project_top_timing_summary_physopted.rpt"/>
  <File Type="ROUTE-ERROR-DCP" Name="project_top_routed_error.dcp"/>
  <File Type="ROUTE-DCP" Name="project_top_routed.dcp"/>
  <File Type="ROUTE-BLACKBOX-DCP" Name="project_top_routed_bb.dcp"/>
  <File Type="ROUTE-DRC" Name="project_top_drc_routed.rpt"/>
  <File Type="ROUTE-DRC-PB" Name="project_top_drc_routed.pb"/>
  <File Type="ROUTE-DRC-RPX" Name="project_top_drc_routed.rpx"/>
  <File Type="BITSTR-MMI" Name="project_top.mmi"/>
  <File Type="ROUTE-METHODOLOGY-DRC" Name="project_top_methodology_drc_routed.rpt"/>
  <File Type="ROUTE-METHODOLOGY-DRC-RPX" Name="project_top_methodology_drc_routed.rpx"/>
  <File Type="ROUTE-METHODOLOGY-DRC-PB" Name="project_top_methodology_drc_routed.pb"/>
  <File Type="ROUTE-PWR-RPX" Name="project_top_power_routed.rpx"/>
  <File Type="ROUTE-STATUS" Name="project_top_route_status.rpt"/>
  <File Type="ROUTE-STATUS-PB" Name="project_top_route_status.pb"/>
  <File Type="ROUTE-TIMINGSUMMARY" Name="project_top_timing_summary_routed.rpt"/>
  <File Type="ROUTE-TIMING-PB" Name="project_top_timing_summary_routed.pb"/>
  <File Type="ROUTE-TIMING-RPX" Name="project_top_timing_summary_routed.rpx"/>
  <File Type="ROUTE-SIMILARITY" Name="project_top_incremental_reuse_routed.rpt"/>
  <File Type="ROUTE-CLK" Name="project_top_clock_utilization_routed.rpt"/>
  <File Type="ROUTE-BUS-SKEW" Name="project_top_bus_skew_routed.rpt"/>
  <File Type="ROUTE-BUS-SKEW-PB" Name="project_top_bus_skew_routed.pb"/>
  <File Type="ROUTE-BUS-SKEW-RPX" Name="project_top_bus_skew_routed.rpx"/>
  <File Type="POSTROUTE-PHYSOPT-DCP" Name="project_top_postroute_physopt.dcp"/>
  <File Type="POSTROUTE-PHYSOPT-BLACKBOX-DCP" Name="project_top_postroute_physopt_bb.dcp"/>
  <File Type="POSTROUTE-PHYSOPT-TIMING" Name="project_top_timing_summary_postroute_physopted.rpt"/>
  <File Type="POSTROUTE-PHYSOPT-TIMING-PB" Name="project_top_timing_summary_postroute_physopted.pb"/>
  <File Type="POSTROUTE-PHYSOPT-TIMING-RPX" Name="project_top_timing_summary_postroute_physopted.rpx"/>
  <File Type="POSTROUTE-PHYSOPT-BUS-SKEW" Name="project_top_bus_skew_postroute_physopted.rpt"/>
  <File Type="POSTROUTE-PHYSOPT-BUS-SKEW-PB" Name="project_top_bus_skew_postroute_physopted.pb"/>
  <File Type="BG-BIT" Name="project_top.bit"/>
  <File Type="POSTROUTE-PHYSOPT-BUS-SKEW-RPX" Name="project_top_bus_skew_postroute_physopted.rpx"/>
  <File Type="BITSTR-RBT" Name="project_top.rbt"/>
  <File Type="BITSTR-NKY" Name="project_top.nky"/>
  <File Type="PDI-FILE" Name="project_top.pdi"/>
  <File Type="RCFI_FILE" Name="project_top.rcfi"/>
  <File Type="CFI_FILE" Name="project_top.cfi"/>
  <File Type="RNPI_FILE" Name="project_top.rnpi"/>
  <File Type="NPI_FILE" Name="project_top.npi"/>
  <File Type="RBD_FILE" Name="project_top.rbd"/>
  <File Type="BITSTR-LTX" Name="debug_nets.ltx"/>
  <File Type="BITSTR-LTX" Name="project_top.ltx"/>
  <File Type="BITSTR-SYSDEF" Name="project_top.sysdef"/>
  <File Type="BG-BGN" Name="project_top.bgn"/>
  <File Type="BG-DRC" Name="project_top.drc"/>
  <File Type="RDI-RDI" Name="project_top.vdi"/>
  <File Type="WBT-USG" Name="usage_statistics_webtalk.html"/>
  <FileSet Name="sources" Type="DesignSrcs" RelSrcDir="$PSRCDIR/sources_1" RelGenDir="$PGENDIR/sources_1">
    <Filter Type="Srcs"/>
    <File Path="$PPRDIR/RTL/add3.sv">
      <FileInfo>
        <Attr Name="UsedIn" Val="synthesis"/>
        <Attr Name="UsedIn" Val="implementation"/>
        <Attr Name="UsedIn" Val="simulation"/>
      </FileInfo>
    </File>
    <File Path="$PPRDIR/RTL/add_6.sv">
      <FileInfo>
        <Attr Name="UsedIn" Val="synthesis"/>
        <Attr Name="UsedIn" Val="implementation"/>
        <Attr Name="UsedIn" Val="simulation"/>
      </FileInfo>
    </File>
    <File Path="$PPRDIR/RTL/add_7.sv">
      <FileInfo>
        <Attr Name="UsedIn" Val="synthesis"/>
        <Attr Name="UsedIn" Val="implementation"/>
        <Attr Name="UsedIn" Val="simulation"/>
      </FileInfo>
    </File>
    <File Path="$PPRDIR/RTL/adder.sv">
      <FileInfo>
        <Attr Name="UsedIn" Val="synthesis"/>
        <Attr Name="UsedIn" Val="implementation"/>
        <Attr Name="UsedIn" Val="simulation"/>
      </FileInfo>
    </File>
    <File Path="$PPRDIR/RTL/average.sv">
      <FileInfo>
        <Attr Name="UsedIn" Val="synthesis"/>
        <Attr Name="UsedIn" Val="implementation"/>
        <Attr Name="UsedIn" Val="simulation"/>
      </FileInfo>
    </File>
    <File Path="$PPRDIR/RTL/binary_to_bcd.sv">
      <FileInfo>
        <Attr Name="UsedIn" Val="synthesis"/>
        <Attr Name="UsedIn" Val="implementation"/>
        <Attr Name="UsedIn" Val="simulation"/>
      </FileInfo>
    </File>
    <File Path="$PPRDIR/../Lab 07/clkdiv.sv">
      <FileInfo>
        <Attr Name="UsedIn" Val="synthesis"/>
        <Attr Name="UsedIn" Val="implementation"/>
        <Attr Name="UsedIn" Val="simulation"/>
      </FileInfo>
    </File>
    <File Path="$PPRDIR/RTL/debounce.sv">
      <FileInfo>
        <Attr Name="UsedIn" Val="synthesis"/>
        <Attr Name="UsedIn" Val="implementation"/>
        <Attr Name="UsedIn" Val="simulation"/>
      </FileInfo>
    </File>
    <File Path="$PPRDIR/../Lab07/Lab07/RTL/dec_3_8.sv">
      <FileInfo>
        <Attr Name="UsedIn" Val="synthesis"/>
        <Attr Name="UsedIn" Val="implementation"/>
        <Attr Name="UsedIn" Val="simulation"/>
      </FileInfo>
    </File>
    <File Path="$PPRDIR/RTL/delay_counter.sv">
      <FileInfo>
        <Attr Name="UsedIn" Val="synthesis"/>
        <Attr Name="UsedIn" Val="implementation"/>
        <Attr Name="UsedIn" Val="simulation"/>
      </FileInfo>
    </File>
    <File Path="$PPRDIR/RTL/heart_rate_top.sv">
      <FileInfo>
        <Attr Name="UsedIn" Val="synthesis"/>
        <Attr Name="UsedIn" Val="implementation"/>
        <Attr Name="UsedIn" Val="simulation"/>
      </FileInfo>
    </File>
    <File Path="$PPRDIR/RTL/mode_select.sv">
      <FileInfo>
        <Attr Name="UsedIn" Val="synthesis"/>
        <Attr Name="UsedIn" Val="implementation"/>
        <Attr Name="UsedIn" Val="simulation"/>
      </FileInfo>
    </File>
    <File Path="$PPRDIR/../Lab07/Lab07/RTL/mux_8_1.sv">
      <FileInfo>
        <Attr Name="UsedIn" Val="synthesis"/>
        <Attr Name="UsedIn" Val="implementation"/>
        <Attr Name="UsedIn" Val="simulation"/>
      </FileInfo>
    </File>
    <File Path="$PPRDIR/RTL/pulse_cnt.sv">
      <FileInfo>
        <Attr Name="UsedIn" Val="synthesis"/>
        <Attr Name="UsedIn" Val="implementation"/>
        <Attr Name="UsedIn" Val="simulation"/>
      </FileInfo>
    </File>
    <File Path="$PPRDIR/RTL/random_wait.sv">
      <FileInfo>
        <Attr Name="UsedIn" Val="synthesis"/>
        <Attr Name="UsedIn" Val="implementation"/>
        <Attr Name="UsedIn" Val="simulation"/>
      </FileInfo>
    </File>
    <File Path="$PPRDIR/RTL/reaction_fsm.sv">
      <FileInfo>
        <Attr Name="UsedIn" Val="synthesis"/>
        <Attr Name="UsedIn" Val="implementation"/>
        <Attr Name="UsedIn" Val="simulation"/>
      </FileInfo>
    </File>
    <File Path="$PPRDIR/RTL/reaction_timer_top.sv">
      <FileInfo>
        <Attr Name="UsedIn" Val="synthesis"/>
        <Attr Name="UsedIn" Val="implementation"/>
        <Attr Name="UsedIn" Val="simulation"/>
      </FileInfo>
    </File>
    <File Path="$PPRDIR/RTL/register.sv">
      <FileInfo>
        <Attr Name="UsedIn" Val="synthesis"/>
        <Attr Name="UsedIn" Val="implementation"/>
        <Attr Name="UsedIn" Val="simulation"/>
      </FileInfo>
    </File>
    <File Path="$PPRDIR/RTL/rgb_control.sv">
      <FileInfo>
        <Attr Name="UsedIn" Val="synthesis"/>
        <Attr Name="UsedIn" Val="implementation"/>
        <Attr Name="UsedIn" Val="simulation"/>
      </FileInfo>
    </File>
    <File Path="$PPRDIR/RTL/seven_seg_top.sv">
      <FileInfo>
        <Attr Name="UsedIn" Val="synthesis"/>
        <Attr Name="UsedIn" Val="implementation"/>
        <Attr Name="UsedIn" Val="simulation"/>
      </FileInfo>
    </File>
    <File Path="$PPRDIR/RTL/sevenseg_hex.sv">
      <FileInfo>
        <Attr Name="UsedIn" Val="synthesis"/>
        <Attr Name="UsedIn" Val="implementation"/>
        <Attr Name="UsedIn" Val="simulation"/>
      </FileInfo>
    </File>
    <File Path="$PPRDIR/RTL/single_pulser.sv">
      <FileInfo>
        <Attr Name="UsedIn" Val="synthesis"/>
        <Attr Name="UsedIn" Val="implementation"/>
        <Attr Name="UsedIn" Val="simulation"/>
      </FileInfo>
    </File>
    <File Path="$PPRDIR/RTL/time_cnt.sv">
      <FileInfo>
        <Attr Name="UsedIn" Val="synthesis"/>
        <Attr Name="UsedIn" Val="implementation"/>
        <Attr Name="UsedIn" Val="simulation"/>
      </FileInfo>
    </File>
    <File Path="$PPRDIR/RTL/project_top.sv">
      <FileInfo>
        <Attr Name="UsedIn" Val="synthesis"/>
        <Attr Name="UsedIn" Val="implementation"/>
        <Attr Name="UsedIn" Val="simulation"/>
      </FileInfo>
    </File>
    <Config>
      <Option Name="DesignMode" Val="RTL"/>
      <Option Name="TopModule" Val="project_top"/>
    </Config>
  </FileSet>
  <FileSet Name="constrs_in" Type="Constrs" RelSrcDir="$PSRCDIR/constrs_1">
    <Filter Type="Constrs"/>
    <File Path="$PPRDIR/Constraint/project_top.xdc">
      <FileInfo>
        <Attr Name="UsedIn" Val="synthesis"/>
        <Attr Name="UsedIn" Val="implementation"/>
      </FileInfo>
    </File>
    <Config>
      <Option Name="ConstrsType" Val="XDC"/>
    </Config>
  </FileSet>
  <FileSet Name="utils" Type="Utils" RelSrcDir="$PSRCDIR/utils_1">
    <Filter Type="Utils"/>
    <Config>
      <Option Name="TopAutoSet" Val="TRUE"/>
    </Config>
  </FileSet>
  <Strategy Version="1" Minor="2">
    <StratHandle Name="Vivado Implementation Defaults" Flow="Vivado Implementation 2020"/>
    <Step Id="init_design"/>
    <Step Id="opt_design"/>
    <Step Id="power_opt_design"/>
    <Step Id="place_design"/>
    <Step Id="post_place_power_opt_design"/>
    <Step Id="phys_opt_design"/>
    <Step Id="route_design"/>
    <Step Id="post_route_phys_opt_design"/>
    <Step Id="write_bitstream"/>
  </Strategy>
</GenRun>
